{
  "version": 1,
  "width": 106,
  "height": 29,
  "duration": 21.504618,
  "command": null,
  "title": null,
  "env": {
    "TERM": "xterm-termite",
    "SHELL": "/bin/bash"
  },
  "stdout": [
    [
      0.057076,
      "\u001b]0;iaguis@locke-xps13:~/work/go/src/github.com/weaveworks/tcptracer-bpf/tests\u0007"
    ],
    [
      0.004742,
      "\u001b[?1049h\u001b[?1h\u001b=\u001b[H\u001b[2J\u001b[?12l\u001b[?25h\u001b[?1000l\u001b[?1002l\u001b[?1006l\u001b[?1005l\u001b[c\u001b(B\u001b[m\u001b[?12;25h\u001b[?12l\u001b[?25h\u001b[?1003l\u001b[?1006l\u001b[?2004l\u001b[1;1H\u001b[1;29r\u001b]112\u0007\u001b[1;3H"
    ],
    [
      0.000332,
      "\u001b[?25l\u001b[32m\u001b[16;1H──────────────────────────────────────────────────────\u001b(B\u001b[m────────────────────────────────────────────────────\u001b[1;1H\u001b(B\u001b[m$\u001b[K\r\n\u001b[K\r\n\u001b[K\r\n\u001b[K\r\n\u001b[K\r\n\u001b[K\r\n\u001b[K\r\n\u001b[K\r\n\u001b[K\r\n\u001b[K\r\n\u001b[K\r\n\u001b[K\r\n\u001b[K\r\n\u001b[K\r\n\u001b[K\u001b[2B$\u001b[K\r\n\u001b[K\r\n\u001b[K\r\n\u001b[K\r\n\u001b[K\r\n\u001b[K\r\n\u001b[K\r\n\u001b[K\r\n\u001b[K\r\n\u001b[K\r\n\u001b[K\r\n\u001b[K\r\n\u001b[K\u001b[1;3H\u001b[?12l\u001b[?25h"
    ],
    [
      0.000205,
      "\u001b[17;1H\u001b[K$ \u001b[H\u001b[K$ "
    ],
    [
      0.005009,
      "\u001b(B\u001b[m\u001b[?12;25h\u001b[?12l\u001b[?25h\u001b[?1003l\u001b[?1006l\u001b[?2004l\u001b[1;1H\u001b[1;29r\u001b[1;3H"
    ],
    [
      0.000463,
      "\u001b[?25l\u001b[32m\u001b[16;1H──────────────────────────────────────────────────────\u001b(B\u001b[m────────────────────────────────────────────────────\u001b[1;1H\u001b(B\u001b[m$\u001b[K\r\n\u001b[K\r\n\u001b[K\r\n\u001b[K\r\n\u001b[K\r\n\u001b[K\r\n\u001b[K\r\n\u001b[K\r\n\u001b[K\r\n\u001b[K\r\n\u001b[K\r\n\u001b[K\r\n\u001b[K\r\n\u001b[K\r\n\u001b[K\u001b[2B$\u001b[K\r\n\u001b[K\r\n\u001b[K\r\n\u001b[K\r\n\u001b[K\r\n\u001b[K\r\n\u001b[K\r\n\u001b[K\r\n\u001b[K\r\n\u001b[K\r\n\u001b[K\r\n\u001b[K\r\n\u001b[K\u001b[1;3H\u001b[?12l\u001b[?25h"
    ],
    [
      1.462973,
      "s"
    ],
    [
      0.08728,
      "u"
    ],
    [
      0.127966,
      "d"
    ],
    [
      0.040165,
      "o"
    ],
    [
      0.087674,
      " "
    ],
    [
      0.191497,
      "."
    ],
    [
      0.256196,
      "/"
    ],
    [
      0.055872,
      "t"
    ],
    [
      0.040312,
      "e"
    ],
    [
      0.143148,
      "s"
    ],
    [
      0.096694,
      "t"
    ],
    [
      0.056047,
      "s"
    ],
    [
      0.64025,
      "/"
    ],
    [
      0.254292,
      "t"
    ],
    [
      0.14531,
      "r"
    ],
    [
      0.040022,
      "a"
    ],
    [
      0.167787,
      "c"
    ],
    [
      0.056384,
      "e"
    ],
    [
      0.103796,
      "r"
    ],
    [
      1.064206,
      "\r\n"
    ],
    [
      0.205642,
      "Ready\r\n"
    ],
    [
      0.985866,
      "\u001b[?25l\u001b[?12l\u001b[?25h"
    ],
    [
      0.775912,
      "\u001b[?25l\u001b[?12l\u001b[?25h"
    ],
    [
      0.519669,
      "\u001b[?25l\u001b[13B──────────────────────────────────────────────────────\u001b(B\u001b[m\u001b[32m────────────────────────────────────────────────────\u001b(B\u001b[m\u001b[17;3H\u001b[?12l\u001b[?25h\u001b[?25l\u001b[?12l\u001b[?25h"
    ],
    [
      0.50073,
      "\u001b[?25l\u001b[?12l\u001b[?25h"
    ],
    [
      0.844327,
      "c"
    ],
    [
      0.08782,
      "u"
    ],
    [
      0.136052,
      "r"
    ],
    [
      0.104107,
      "l"
    ],
    [
      0.103556,
      " "
    ],
    [
      0.696087,
      "g"
    ],
    [
      0.104407,
      "o"
    ],
    [
      0.103964,
      "o"
    ],
    [
      0.063398,
      "g"
    ],
    [
      0.104779,
      "l"
    ],
    [
      0.087276,
      "e"
    ],
    [
      0.096401,
      "."
    ],
    [
      0.120223,
      "c"
    ],
    [
      0.063241,
      "o"
    ],
    [
      0.054909,
      "m"
    ],
    [
      0.441379,
      "\r\n"
    ],
    [
      0.044643,
      "\u001b[3d18525683288425 cpu#3 connect 12466 curl 192.168.35.128:52530 172.217.17.78:80 4026532009\u001b[18;1H"
    ],
    [
      0.018819,
      "<HTML><HEAD><meta http-equiv=\"content-type\" content=\"text/html;charset=utf-8\">\r\n<TITLE>302 Moved</TITLE></HEAD><BODY>\r\n<H1>302 Moved</H1>\r\nThe document has moved\r\n<A HREF=\"http://www.google.de/?gfe_rd=cr&amp;dcr=0&amp;ei=reIeWtT2Fo_c8Aff46HIDA\">here</A>.\r\n</BODY></HTML>\r\n"
    ],
    [
      0.000491,
      "\u001b[4d18525702675403 cpu#1 close 12466 curl 192.168.35.128:52530 172.217.17.78:80 4026532009\u001b[24;1H"
    ],
    [
      5.616201,
      "\u001b[?25l\u001b[?12l\u001b[?25h"
    ],
    [
      1.751869,
      "\u001b[?25l\u001b[?12l\u001b[?25h"
    ],
    [
      0.000508,
      "\u001b[1;29r\u001b(B\u001b[m\u001b[?1l\u001b>\u001b[H\u001b[2J\u001b]112\u0007\u001b[?12l\u001b[?25h\u001b[?1000l\u001b[?1002l\u001b[?1006l\u001b[?1005l\u001b[?1049l"
    ],
    [
      0.001219,
      "\u001b]0;iaguis@locke-xps13:~/work/go/src/github.com/weaveworks/tcptracer-bpf/tests\u0007"
    ]
  ]
}
